{"cameraMode":{"drawMode":0,"name":"Shaded","section":"Shading Mode"},"sceneLighting":true,"audioPlay":false,"sceneViewState":{"showFog":true,"showMaterialUpdate":true,"showSkybox":true,"showFlares":true,"showImageEffects":true,"showParticleSystems":true},"in2DMode":false,"pivot":{"x":-0.9291448593139648,"y":-0.11835002899169922,"z":3.5752267837524416},"rotation":{"x":0.1899481862783432,"y":0.6421080231666565,"z":-0.1686229109764099,"w":0.7233136296272278},"size":8.2842435836792,"orthographic":false}